<?xml version="1.0" encoding="UTF-8"?>
<set>
<person>
	<item id="0">
		<name>name1</name>
		<imagePath>flashImages/person1.jpg</imagePath>
		<URL>service/system.html</URL>
	</item>
	<item id="1">
		<name>name2</name>
		<imagePath>flashImages/person2.jpg</imagePath>
		<URL>service/hapilogi.html</URL>
	</item>
	<item id="2">
		<name>name3</name>
		<imagePath>flashImages/person3.jpg</imagePath>
		<URL>company/message.html</URL>
	</item>
	<item id="3">
		<name>name4</name>
		<imagePath>flashImages/person4.jpg</imagePath>
		<URL>service/consulting.html</URL>
	</item>
	
	
</person>
</set>